date,gold_price,silver_price
2021-05-03,90600,1325
2021-05-04,90300,1320
2021-05-05,90600,1315
2021-05-06,91700,1350
2021-05-07,91700,1350
2021-05-08,91800,1345
2021-05-09,92000,1360
2021-05-10,92300,1345
2021-05-11,92000,1345
2021-05-12,91600,1335
2021-05-13,91600,1330
2021-05-14,91600,1330
2021-05-15,92500,1350
2021-05-16,92800,1355
2021-05-17,93400,1390
2021-05-18,93300,1370
2021-05-19,93700,1360
2021-05-20,93300,1350
2021-05-21,93300,1350
2021-05-22,93600,1345
2021-05-23,93700,1350
2021-05-24,93500,1350
2021-05-25,93500,1350
2021-05-26,94200,1350
2021-05-27,93800,1350
2021-05-28,93800,1350
2021-05-29,94000,1355
2021-05-30,94200,1360
2021-05-31,94500,1370
2021-06-01,94500,1360
2021-06-02,94900,1375
2021-06-03,93400,1340
2021-06-04,93400,1340
2021-06-05,94100,1355
2021-06-06,93800,1350
2021-06-07,94100,1355
2021-06-08,94200,1350
2021-06-09,93900,1355
2021-06-10,94500,1370
2021-06-11,94500,1370
2021-06-12,93900,1370
2021-06-13,93200,1365
2021-06-14,93200,1355
2021-06-15,93100,1360
2021-06-16,92000,1340
2021-06-17,90800,1305
2021-06-18,90800,1305
2021-06-19,90000,1290
2021-06-20,90400,1295
2021-06-21,91000,1300
2021-06-22,90700,1295
2021-06-23,90500,1295
2021-06-24,90500,1300
2021-06-25,90500,1300
2021-06-26,90500,1300
2021-06-27,90700,1305
2021-06-29,90000,1290
2021-06-30,90800,1310
2021-07-01,91300,1310
2021-07-02,91300,1310
2021-07-03,91500,1325
2021-07-04,91500,1325
2021-07-05,91800,1330
2021-07-06,92200,1320
2021-07-07,92300,1310
2021-07-08,92400,1305
2021-07-09,92400,1305
2021-07-10,92400,1315
2021-07-11,92200,1310
2021-07-12,92400,1320
2021-07-13,92700,1315
2021-07-14,93200,1320
2021-07-15,93200,1320
2021-07-16,93200,1320
2021-07-17,92600,1295
2021-07-18,92800,1290
2021-07-19,93200,1280
2021-07-20,92500,1260
2021-07-21,91800,1270
2021-07-22,92100,1280
2021-07-23,92100,1280
2021-07-24,92000,1270
2021-07-25,92100,1270
2021-07-26,91800,1270
2021-07-27,92100,1255
2021-07-28,92400,1270
2021-07-29,92900,1285
2021-07-30,92900,1285
2021-07-31,92400,1285
2021-08-01,92300,1285
2021-08-02,92300,1275
2021-08-03,92000,1285
2021-08-04,92000,1275
2021-08-05,91500,1265
2021-08-06,91500,1265
2021-08-07,90000,1245
2021-08-08,89000,1215
2021-08-09,89200,1205
2021-08-10,88800,1190
2021-08-11,89400,1190
2021-08-12,89700,1185
2021-08-13,89700,1185
2021-08-14,90700,1205
2021-08-15,90600,1200
2021-08-16,91000,1210
2021-08-17,91000,1210
2021-08-18,90800,1180
2021-08-19,91200,1195
2021-08-20,91200,1195
2021-08-21,90900,1180
2021-08-22,91100,1190
2021-08-23,91600,1200
2021-08-24,91300,1210
2021-08-25,91100,1210
2021-08-26,91600,1200
2021-08-27,91600,1200
2021-08-28,91600,1210
2021-08-29,91600,1210
2021-08-30,91600,1210
2021-08-31,91000,1195
2021-09-01,90800,1205
2021-09-02,90900,1195
2021-09-03,90900,1195
2021-09-04,91500,1230
2021-09-05,91400,1230
2021-09-06,91400,1230
2021-09-07,90700,1220
2021-09-08,90600,1210
2021-09-09,90700,1215
2021-09-10,90700,1215
2021-09-11,90300,1195
2021-09-12,90600,1200
2021-09-13,90600,1200
2021-09-14,91200,1200
2021-09-15,90500,1200
2021-09-16,89100,1170
2021-09-17,89100,1170
2021-09-18,89100,1170
2021-09-19,88900,1135
2021-09-20,89200,1140
2021-09-21,90100,1165
2021-09-22,89600,1155
2021-09-23,89000,1160
2021-09-24,89000,1160
2021-09-25,89000,1150
2021-09-26,89300,1160
2021-09-27,89000,1155
2021-09-28,88900,1155
2021-09-29,88700,1120
2021-09-30,89600,1140
2021-10-01,89600,1140
2021-10-02,89800,1160
2021-10-03,89800,1160
2021-10-04,90300,1160
2021-10-05,89900,1160
2021-10-06,90400,1170
2021-10-07,90600,1170
2021-10-08,90600,1170
2021-10-09,90700,1175
2021-10-10,90600,1180
2021-10-11,90600,1180
2021-10-12,90600,1180
2021-10-13,90600,1180
2021-10-14,90600,1180
2021-10-15,90600,1180
2021-10-17,91300,1225
2021-10-18,91300,1225
2021-10-19,91400,1235
2021-10-20,91700,1260
2021-10-21,91700,1250
2021-10-22,91700,1250
2021-10-23,92100,1260
2021-10-24,92400,1265
2021-10-25,92600,1265
2021-10-26,92000,1250
2021-10-27,92400,1250
2021-10-28,92000,1245
2021-10-29,92000,1245
2021-10-30,91700,1240
2021-10-31,91800,1245
2021-11-01,92000,1250
2021-11-02,91500,1225
2021-11-03,91000,1225
2021-11-04,91000,1225
2021-11-05,91000,1225
2021-11-06,91000,1225
2021-11-07,92500,1250
2021-11-08,92300,1250
2021-11-09,92700,1250
2021-11-10,94000,1270
2021-11-11,94400,1285
2021-11-12,94400,1285
2021-11-13,94600,1295
2021-11-14,94300,1280
2021-11-15,94800,1290
2021-11-16,94300,1280
2021-11-17,94500,1280
2021-11-18,94400,1275
2021-11-19,94400,1275
2021-11-20,93700,1260
2021-11-21,93900,1270
2021-11-22,92300,1255
2021-11-23,91800,1225
2021-11-24,91700,1230
2021-11-25,91900,1225
2021-11-26,91900,1225
2021-11-27,91900,1225
2021-11-28,92000,1220
2021-11-29,91900,1205
2021-11-30,91500,1200
2021-12-01,91500,1190
2021-12-02,91300,1190
2021-12-04,92000,1200
2021-12-05,92000,1200
2021-12-06,91800,1190
2021-12-07,92300,1200
2021-12-08,92300,1200
2021-12-09,92200,1185
2021-12-10,92200,1185
2021-12-11,92500,1190
2021-12-12,92500,1190
2021-12-13,92800,1210
2021-12-14,92300,1210
2021-12-15,93000,1235
2021-12-16,94000,1250
2021-12-17,94000,1250
2021-12-18,93600,1245
2021-12-19,93800,1245
2021-12-20,93000,1235
2021-12-21,92600,1245
2021-12-22,93300,1260
2021-12-23,93100,1260
2021-12-24,93100,1260
2021-12-25,93100,1260
2021-12-26,93200,1250
2021-12-27,93000,1260
2021-12-28,93000,1260
2021-12-29,92100,1245
2021-12-30,92700,1260
2021-12-31,92700,1260
2022-01-01,93400,1270
2022-01-02,93100,1265
2022-01-03,92200,1250
2022-01-04,92800,1260
2022-01-05,92300,1235
2022-01-06,91600,1225
2022-01-07,91600,1225
2022-01-08,91600,1225
2022-01-09,91300,1220
2022-01-10,91600,1230
2022-01-11,92000,1235
2022-01-12,92500,1255
2022-01-13,92700,1260
2022-01-14,92700,1260
2022-01-15,92400,1250
2022-01-16,92500,1255
2022-01-17,92600,1255
2022-01-18,92700,1285
2022-01-19,93700,1315
2022-01-20,93800,1325
2022-01-21,93800,1325
2022-01-22,93500,1315
2022-01-23,93500,1315
2022-01-24,94000,1300
2022-01-25,94400,1300
2022-01-26,93500,1290
2022-01-27,92600,1265
2022-01-28,92600,1265
2022-01-29,92200,1250
2022-01-30,91800,1240
2022-01-31,91900,1240
2022-02-01,92200,1255
2022-02-02,92700,1255
2022-02-03,92500,1250
2022-02-04,92500,1250
2022-02-06,92600,1255
2022-02-07,93100,1260
2022-02-08,93400,1280
2022-02-09,93900,1280
2022-02-10,94000,1280
2022-02-11,94000,1280
2022-02-12,95500,1300
2022-02-13,95500,1300
2022-02-14,96700,1320
2022-02-15,95100,1285
2022-02-16,96100,1295
2022-02-17,96500,1305
2022-02-18,96500,1305
2022-02-19,96600,1305
2022-02-20,96200,1300
2022-02-21,97000,1315
2022-02-22,96500,1320
2022-02-23,99000,1355
2022-02-24,98000,1335
2022-02-25,98000,1335
2022-02-26,96600,1295
2022-02-27,98200,1340
2022-02-28,97600,1335
2022-03-01,99500,1375
2022-03-02,99000,1380
2022-03-03,99900,1380
2022-03-04,99900,1380
2022-03-05,101900,1415
2022-03-06,103000,1425
2022-03-07,103000,1410
2022-03-08,105500,1450
2022-03-09,102000,1405
2022-03-10,102600,1415
2022-03-11,102600,1415
2022-03-12,102800,1425
2022-03-13,102300,1415
2022-03-14,100500,1380
2022-03-15,99300,1370
2022-03-16,99800,1390
2022-03-17,99800,1385
2022-03-18,99800,1385
2022-03-19,99200,1375
2022-03-20,99500,1375
2022-03-21,100300,1395
2022-03-22,99200,1370
2022-03-23,100300,1375
2022-03-24,100900,1400
2022-03-25,100900,1400
2022-03-26,100900,1400
2022-03-27,100900,1400
2022-03-28,99200,1370
2022-03-29,98800,1360
2022-03-30,98900,1350
2022-03-31,99700,1360
2022-04-01,99700,1360
2022-04-02,99300,1360
2022-04-03,98700,1350
2022-04-04,98800,1340
2022-04-05,98500,1335
2022-04-06,99000,1345
2022-04-07,99500,1355
2022-04-08,99500,1355
2022-04-09,100300,1365
2022-04-10,100100,1365
2022-04-11,100900,1380
2022-04-12,101500,1400
2022-04-13,101500,1400
2022-04-14,102000,1415
2022-04-15,102000,1415
2022-04-16,102000,1415
2022-04-17,102500,1420
2022-04-18,102100,1420
2022-04-19,100600,1385
2022-04-20,100900,1380
2022-04-21,100900,1360
2022-04-22,100900,1360
2022-04-23,100500,1360
2022-04-24,100200,1350
2022-04-25,99300,1350
2022-04-26,99000,1340
2022-04-27,98000,1320
2022-04-28,99200,1320
2022-04-29,99200,1320
2022-04-30,99000,1300
2022-05-01,98200,1290
2022-05-02,97200,1290
2022-05-03,97200,1290
2022-05-04,98600,1305
2022-05-05,98000,1280
2022-05-06,98000,1280
2022-05-07,98600,1285
2022-05-08,98700,1285
2022-05-09,98000,1275
2022-05-10,97000,1245
2022-05-11,97800,1250
2022-05-12,97800,1250
2022-05-13,97800,1250
2022-05-14,96500,1240
2022-05-15,96500,1240
2022-05-16,96700,1260
2022-05-17,95800,1250
2022-05-18,96300,1255
2022-05-19,97300,1270
2022-05-20,97300,1270
2022-05-21,98000,1270
2022-05-22,98000,1270
2022-05-23,98000,1270
2022-05-24,98200,1275
2022-05-25,97800,1270
2022-05-26,98000,1280
2022-05-27,98000,1280
2022-05-28,98000,1280
2022-05-29,98200,1285
2022-05-30,98000,1270
2022-05-31,97200,1250
2022-06-01,97600,1265
2022-06-02,98500,1290
2022-06-03,98500,1290
2022-06-04,97900,1275
2022-06-05,98100,1290
2022-06-06,97500,1275
2022-06-07,97500,1280
2022-06-08,98000,1280
2022-06-09,97700,1265
2022-06-10,97700,1265
2022-06-11,99200,1280
2022-06-12,98900,1265
2022-06-13,97100,1245
2022-06-14,96500,1245
2022-06-15,97300,1265
2022-06-16,97800,1275
2022-06-17,97800,1275
2022-06-18,97500,1265
2022-06-19,97700,1265
2022-06-20,97700,1265
2022-06-21,97300,1255
2022-06-22,97500,1250
2022-06-23,97200,1240
2022-06-24,97200,1240
2022-06-25,97300,1245
2022-06-26,97700,1255
2022-06-27,97700,1255
2022-06-28,97800,1240
2022-06-29,97500,1235
2022-06-30,97200,1210
2022-07-01,97200,1210
2022-07-02,97500,1200
2022-07-03,97500,1200
2022-07-04,97600,1205
2022-07-05,96000,1175
2022-07-06,94600,1185
2022-07-07,94600,1175
2022-07-08,94600,1175
2022-07-09,94800,1185
2022-07-10,94700,1185
2022-07-11,94500,1175
2022-07-12,94300,1170
2022-07-13,94600,1180
2022-07-14,93800,1145
2022-07-15,93800,1145
2022-07-16,93600,1160
2022-07-17,94000,1165
2022-07-18,93800,1160
2022-07-19,94000,1165
2022-07-20,93000,1155
2022-07-21,94000,1165
2022-07-22,94000,1165
2022-07-23,94500,1155
2022-07-24,94400,1155
2022-07-25,94200,1150
2022-07-26,94000,1155
2022-07-27,94800,1185
2022-07-28,95600,1220
2022-07-29,95600,1220
2022-07-30,95800,1230
2022-07-31,95400,1220
2022-08-01,95600,1220
2022-08-02,95300,1210
2022-08-03,96100,1210
2022-08-04,96800,1220
2022-08-05,96800,1220
2022-08-06,96300,1205
2022-08-07,96300,1205
2022-08-08,96900,1240
2022-08-09,97100,1230
2022-08-10,96600,1225
2022-08-11,97300,1225
2022-08-12,97300,1225
2022-08-13,97800,1250
2022-08-14,97400,1235
2022-08-15,96700,1220
2022-08-16,96200,1210
2022-08-17,95900,1195
2022-08-18,95500,1185
2022-08-19,95500,1185
2022-08-20,95500,1170
2022-08-21,95300,1165
2022-08-22,95000,1160
2022-08-23,95300,1165
2022-08-24,95800,1175
2022-08-25,95800,1175
2022-08-26,95800,1175
2022-08-27,95100,1160
2022-08-28,94500,1145
2022-08-29,94800,1145
2022-08-30,94000,1130
2022-08-31,93100,1100
2022-09-01,93000,1105
2022-09-02,93000,1105
2022-09-03,93600,1110
2022-09-04,93700,1115
2022-09-05,94000,1125
2022-09-06,93000,1110
2022-09-07,93800,1135
2022-09-08,93900,1150
2022-09-09,93900,1150
2022-09-10,93900,1150
2022-09-11,93600,1150
2022-09-12,93500,1185
2022-09-13,92800,1175
2022-09-14,92500,1180
2022-09-15,91500,1170
2022-09-16,91500,1170
2022-09-17,91800,1185
2022-09-18,91400,1175
2022-09-19,91800,1180
2022-09-20,91300,1170
2022-09-21,91800,1185
2022-09-22,92800,1200
2022-09-23,92800,1200
2022-09-24,91800,1170
2022-09-25,91800,1160
2022-09-26,91400,1150
2022-09-27,91600,1145
2022-09-28,92800,1170
2022-09-29,93000,1170
2022-09-30,93000,1170
2022-10-01,93000,1170
2022-10-02,93000,1170
2022-10-03,93000,1170
2022-10-04,93000,1170
2022-10-05,93000,1170
2022-10-06,93000,1170
2022-10-07,93000,1170
2022-10-08,96000,1255
2022-10-09,95200,1230
2022-10-10,94000,1215
2022-10-11,94200,1200
2022-10-12,94200,1190
2022-10-13,94100,1185
2022-10-14,94100,1185
2022-10-15,93100,1160
2022-10-16,93300,1160
2022-10-17,93400,1180
2022-10-18,93200,1175
2022-10-19,93100,1170
2022-10-20,92500,1170
2022-10-21,94000,1215
2022-10-22,94000,1215
2022-10-23,94000,1215
2022-10-24,94000,1215
2022-10-25,94000,1215
2022-10-26,94000,1215
2022-10-27,94000,1215
2022-10-28,94000,1215
2022-10-29,93000,1200
2022-10-30,93000,1200
2022-10-31,93100,1215
2022-11-01,93600,1225
2022-11-02,93200,1215
2022-11-03,93100,1225
2022-11-04,93100,1225
2022-11-05,94500,1275
2022-11-06,94300,1265
2022-11-07,94000,1265
2022-11-08,95400,1295
2022-11-09,95400,1285
2022-11-10,96700,1295
2022-11-11,96700,1295
2022-11-12,97300,1300
2022-11-13,97200,1295
2022-11-14,98200,1325
2022-11-15,98400,1295
2022-11-16,98000,1285
2022-11-17,98100,1280
2022-11-18,98100,1280
2022-11-19,98100,1280
2022-11-20,97500,1265
2022-11-21,97200,1280
2022-11-22,96800,1275
2022-11-23,97800,1305
2022-11-24,97800,1295
2022-11-25,97800,1295
2022-11-26,97800,1295
2022-11-27,97500,1285
2022-11-28,97400,1285
2022-11-29,97600,1290
2022-11-30,98100,1330
2022-12-01,99100,1345
2022-12-02,99100,1345
2022-12-03,99500,1370
2022-12-04,99900,1385
2022-12-05,99300,1350
2022-12-06,99300,1350
2022-12-07,99700,1360
2022-12-08,100300,1390
2022-12-09,100300,1390
2022-12-10,100500,1400
2022-12-11,100200,1390
2022-12-12,100000,1390
2022-12-13,101000,1400
2022-12-14,100300,1380
2022-12-15,99900,1370
2022-12-16,99900,1370
2022-12-17,100500,1380
2022-12-18,100500,1380
2022-12-19,100400,1375
2022-12-20,101200,1400
2022-12-21,101500,1405
2022-12-22,100300,1390
2022-12-23,100300,1390
2022-12-24,100500,1390
2022-12-25,100500,1390
2022-12-26,100700,1390
2022-12-27,101100,1400
2022-12-28,100900,1380
2022-12-29,101400,1395
2022-12-30,101400,1395
2022-12-31,101700,1400
2023-01-01,101700,1400
2023-01-02,102600,1410
2023-01-03,102900,1400
2023-01-04,103100,1385
2023-01-05,102300,1365
2023-01-06,102300,1365
2023-01-07,103300,1380
2023-01-08,103900,1390
2023-01-09,103500,1365
2023-01-10,103200,1365
2023-01-11,103400,1360
2023-01-12,103900,1365
2023-01-13,103900,1365
2023-01-14,105000,1390
2023-01-15,105200,1400
2023-01-16,105100,1390
2023-01-17,104500,1375
2023-01-18,104500,1355
2023-01-19,105200,1375
2023-01-20,105200,1375
2023-01-21,105000,1375
2023-01-22,105300,1380
2023-01-23,106300,1365
2023-01-24,106200,1365
2023-01-25,106900,1380
2023-01-26,105800,1380
2023-01-27,105800,1380
2023-01-28,106000,1365
2023-01-29,106300,1365
2023-01-30,105800,1365
2023-01-31,106300,1370
2023-02-01,107500,1395
2023-02-02,106100,1365
2023-02-03,106100,1365
2023-02-04,104100,1320
2023-02-05,104600,1320
2023-02-06,104600,1320
2023-02-07,104800,1315
2023-02-08,104900,1320
2023-02-09,103600,1290
2023-02-10,103600,1290
2023-02-11,104000,1295
2023-02-12,104000,1295
2023-02-13,103800,1295
2023-02-14,103600,1290
2023-02-15,103000,1285
2023-02-16,102500,1275
2023-02-17,102500,1275
2023-02-18,103200,1290
2023-02-19,103200,1290
2023-02-20,103000,1290
2023-02-21,103000,1295
2023-02-22,102500,1285
2023-02-23,102400,1275
2023-02-24,102400,1275
2023-02-25,102000,1260
2023-02-26,101800,1255
2023-02-27,101800,1255
2023-02-28,102300,1270
2023-03-01,102600,1270
2023-03-02,102500,1265
2023-03-03,102500,1265
2023-03-04,102800,1275
2023-03-05,102800,1275
2023-03-06,102500,1265
2023-03-07,101500,1225
2023-03-08,101000,1220
2023-03-09,101800,1220
2023-03-10,101800,1220
2023-03-11,103500,1245
2023-03-12,104100,1255
2023-03-13,105700,1300
2023-03-14,105700,1300
2023-03-15,106700,1305
2023-03-16,107100,1310
2023-03-17,107100,1310
2023-03-18,110000,1345
2023-03-19,109300,1330
2023-03-20,109800,1340
2023-03-21,107800,1335
2023-03-22,109000,1360
2023-03-23,109800,1360
2023-03-24,109800,1360
2023-03-25,109200,1370
2023-03-26,109000,1360
2023-03-27,108000,1355
2023-03-28,108500,1365
2023-03-29,108200,1375
2023-03-30,109200,1400
2023-03-31,109200,1400
2023-04-01,108600,1410
2023-04-02,108000,1390
2023-04-03,109000,1400
2023-04-04,111000,1440
2023-04-05,110200,1435
2023-04-06,110000,1440
2023-04-07,110000,1440
2023-04-08,110000,1440
2023-04-09,109300,1430
2023-04-10,109800,1435
2023-04-11,110800,1450
2023-04-12,110800,1450
2023-04-13,110800,1450
2023-04-14,110800,1450
2023-04-15,110000,1450
2023-04-16,110000,1450
2023-04-17,110000,1435
2023-04-18,110300,1445
2023-04-19,109800,1445
2023-04-20,110200,1445
2023-04-21,110200,1445
2023-04-22,109300,1440
2023-04-23,109100,1420
2023-04-24,109500,1420
2023-04-25,109700,1415
2023-04-26,109600,1415
2023-04-27,109100,1410
2023-04-28,109100,1410
2023-04-29,109200,1415
2023-04-30,109000,1415
2023-05-01,108800,1405
2023-05-02,110600,1425
2023-05-03,111800,1445
2023-05-04,111800,1445
2023-05-05,111800,1445
2023-05-06,110600,1445
2023-05-07,110900,1445
2023-05-08,111200,1445
2023-05-09,111600,1445
2023-05-10,111600,1430
2023-05-11,110800,1375
2023-05-12,110800,1375
2023-05-13,110800,1375
2023-05-14,111000,1375
2023-05-15,111100,1375
2023-05-16,110000,1370
2023-05-17,109700,1370
2023-05-18,109200,1370
2023-05-19,109200,1370
2023-05-20,110000,1385
2023-05-21,110000,1375
2023-05-22,109200,1365
2023-05-23,109800,1360
2023-05-24,108800,1350
2023-05-25,108300,1345
2023-05-26,108300,1345
2023-05-27,108100,1360
2023-05-28,108100,1360
2023-05-29,108100,1360
2023-05-30,110500,1375
2023-05-31,112500,1410
2023-06-01,113300,1435
2023-06-02,113300,1435
2023-06-03,111600,1415
2023-06-04,111600,1415
2023-06-05,112500,1420
2023-06-06,112700,1420
2023-06-07,111700,1415
2023-06-08,112500,1455
2023-06-09,112500,1455
2023-06-10,112500,1455
2023-06-11,112400,1445
2023-06-12,112700,1450
2023-06-13,111800,1425
2023-06-14,111000,1405
2023-06-15,111800,1425
2023-06-16,111800,1425
2023-06-17,112000,1445
2023-06-18,112000,1440
2023-06-19,111800,1430
2023-06-20,111000,1385
2023-06-21,110500,1360
2023-06-22,109800,1335
2023-06-23,109800,1335
2023-06-24,110200,1350
2023-06-25,110400,1365
2023-06-28,109400,1370
2023-06-29,109600,1360
2023-06-30,109600,1360
2023-07-01,110100,1370
2023-07-02,110000,1370
2023-07-03,110400,1375
2023-07-04,110600,1380
2023-07-05,110700,1395
2023-07-06,110600,1375
2023-07-07,110600,1375
2023-07-08,111300,1395
2023-07-09,111300,1395
2023-07-10,111300,1395
2023-07-11,111600,1400
2023-07-12,112400,1440
2023-07-13,112500,1480
2023-07-14,112500,1480
2023-07-15,112200,1480
2023-07-16,112200,1480
2023-07-17,112500,1480
2023-07-18,113100,1490
2023-07-19,113600,1495
2023-07-20,112800,1480
2023-07-21,112800,1480
2023-07-22,112300,1465
2023-07-23,112000,1460
2023-07-24,112200,1455
2023-07-25,112700,1465
2023-07-26,113500,1490
2023-07-27,112600,1450
2023-07-28,112600,1450
2023-07-29,112900,1455
2023-07-30,112600,1450
2023-07-31,113000,1475
2023-08-01,112400,1460
2023-08-02,112200,1425
2023-08-03,112200,1425
2023-08-04,112200,1425
2023-08-05,112500,1425
2023-08-06,112400,1425
2023-08-07,112100,1400
2023-08-08,112000,1390
2023-08-09,111300,1380
2023-08-10,111100,1375
2023-08-11,111100,1375
2023-08-12,111100,1375
2023-08-13,111300,1375
2023-08-14,111300,1380
2023-08-15,111200,1375
2023-08-16,110400,1370
2023-08-17,110400,1390
2023-08-18,110400,1390
2023-08-19,110300,1390
2023-08-20,110300,1390
2023-08-21,110500,1415
2023-08-22,110600,1425
2023-08-23,111100,1460
2023-08-24,111100,1450
2023-08-25,111100,1450
2023-08-26,111100,1465
2023-08-27,111100,1460
2023-08-28,111700,1465
2023-08-29,112500,1485
2023-08-30,112800,1480
2023-08-31,112500,1470
2023-09-01,112500,1470
2023-09-02,112600,1460
2023-09-03,113000,1465
2023-09-04,112700,1445
2023-09-05,112400,1430
2023-09-06,112000,1410
2023-09-07,112300,1405
2023-09-08,112300,1405
2023-09-09,111900,1395
2023-09-10,112000,1400
2023-09-11,112000,1405
2023-09-12,111200,1390
2023-09-13,111200,1385
2023-09-14,111800,1395
2023-09-15,111800,1395
2023-09-16,112300,1400
2023-09-17,112500,1405
2023-09-18,113000,1410
2023-09-19,112800,1405
2023-09-20,112500,1410
2023-09-21,112100,1425
2023-09-22,112100,1425
2023-09-23,112200,1430
2023-09-24,112200,1430
2023-09-25,111800,1400
2023-09-26,111000,1385
2023-09-27,109600,1370
2023-09-28,108800,1395
2023-09-29,108800,1395
2023-09-30,108000,1360
2023-10-01,107900,1340
2023-10-02,106600,1310
2023-10-03,106900,1310
2023-10-04,107300,1310
2023-10-05,107300,1310
2023-10-06,107300,1310
2023-10-07,107600,1330
2023-10-08,108600,1345
2023-10-09,108900,1340
2023-10-10,108800,1340
2023-10-11,109500,1350
2023-10-12,110100,1345
2023-10-13,113000,1390
2023-10-14,113000,1390
2023-10-15,112300,1390
2023-10-16,111900,1375
2023-10-17,113200,1410
2023-10-18,113700,1395
2023-10-19,115500,1400
2023-10-20,115500,1400
2023-10-21,115500,1400
2023-10-22,115500,1400
2023-10-23,115500,1400
2023-10-24,115500,1400
2023-10-25,115500,1400
2023-10-26,116000,1400
2023-10-27,117000,1415
2023-10-28,117000,1415
2023-10-29,116500,1410
2023-10-30,116000,1420
2023-10-31,115000,1385
2023-11-01,115700,1405
2023-11-02,115900,1390
2023-11-03,115900,1390
2023-11-04,115900,1415
2023-11-05,115400,1415
2023-11-06,115000,1405
2023-11-07,114700,1385
2023-11-08,113700,1380
2023-11-09,114700,1400
2023-11-10,114700,1400
2023-11-11,113700,1380
2023-11-12,113200,1360
2023-11-13,113200,1360
2023-11-14,113200,1360
2023-11-15,113200,1360
2023-11-16,115500,1450
2023-11-17,115500,1450
2023-11-18,115500,1450
2023-11-19,115700,1450
2023-11-20,116200,1455
2023-11-21,116500,1455
2023-11-22,116500,1445
2023-11-23,116300,1450
2023-11-24,116300,1450
2023-11-25,116900,1485
2023-11-26,117400,1500
2023-11-27,117700,1500
2023-11-28,119300,1520
2023-11-29,119300,1520
2023-11-30,119000,1540
2023-12-01,119000,1540
2023-12-02,120800,1545
2023-12-03,121600,1545
2023-12-04,119200,1500
2023-12-05,118400,1480
2023-12-06,118600,1460
2023-12-07,118800,1460
2023-12-08,118800,1460
2023-12-09,117500,1425
2023-12-10,117000,1410
2023-12-11,116300,1410
2023-12-12,116000,1400
2023-12-13,118800,1455
2023-12-14,119100,1470
2023-12-15,119100,1470
2023-12-16,117800,1455
2023-12-17,117800,1455
2023-12-18,118000,1450
2023-12-19,119000,1465
2023-12-20,119000,1480
2023-12-21,119800,1485
2023-12-22,119800,1485
2023-12-23,119900,1475
2023-12-24,119900,1475
2023-12-25,120500,1485
2023-12-26,120700,1475
2023-12-27,122000,1490
2023-12-28,120700,1455
2023-12-29,120700,1455
2023-12-30,120500,1455
2023-12-31,120500,1455
2024-01-01,121000,1460
2024-01-02,120800,1450
2024-01-03,119500,1420
2024-01-04,119500,1420
2024-01-05,119500,1420
2024-01-06,119500,1420
2024-01-07,118800,1415
2024-01-08,118600,1415
2024-01-09,118500,1410
2024-01-10,118300,1410
2024-01-11,118600,1400
2024-01-12,118600,1400
2024-01-13,119200,1420
2024-01-14,119500,1420
2024-01-15,119500,1420
2024-01-16,118200,1400
2024-01-17,117500,1390
2024-01-18,118000,1395
2024-01-19,118000,1395
2024-01-20,118400,1390
2024-01-21,118400,1390
2024-01-22,118400,1370
2024-01-23,118400,1380
2024-01-24,118000,1400
2024-01-25,118000,1400
2024-01-26,118000,1400
2024-01-27,118000,1400
2024-01-28,118300,1405
2024-01-29,118600,1420
2024-01-30,118700,1420
2024-01-31,119200,1410
2024-02-01,119500,1415
2024-02-02,119500,1415
2024-02-03,118900,1395
2024-02-04,118500,1390
2024-02-05,118000,1375
2024-02-06,118600,1375
2024-02-07,118400,1370
2024-02-08,118500,1390
2024-02-09,118500,1390
2024-02-10,118000,1390
2024-02-11,118000,1395
2024-02-12,117700,1395
2024-02-13,116500,1365
2024-02-14,116500,1375
2024-02-15,117100,1410
2024-02-16,117100,1410
2024-02-17,117600,1430
2024-02-18,118000,1410
2024-02-19,118000,1410
2024-02-20,118400,1415
2024-02-21,118000,1400
2024-02-22,118000,1395
2024-02-23,118000,1395
2024-02-24,118500,1400
2024-02-25,118300,1395
2024-02-26,118300,1380
2024-02-27,118200,1375
2024-02-28,118400,1375
2024-02-29,119000,1390
2024-03-01,119000,1390
2024-03-02,121000,1410
2024-03-03,121000,1410
2024-03-04,123000,1445
2024-03-05,123500,1440
2024-03-06,125000,1470
2024-03-07,125000,1470
2024-03-08,125000,1470
2024-03-09,126000,1475
2024-03-10,126000,1475
2024-03-11,126000,1485
2024-03-12,125000,1465
2024-03-13,125800,1515
2024-03-14,125400,1515
2024-03-15,125400,1515
2024-03-16,125000,1530
2024-03-17,124500,1520
2024-03-18,125200,1525
2024-03-19,125200,1520
2024-03-20,127800,1555
2024-03-21,126500,1500
2024-03-22,126500,1500
2024-03-23,126500,1500
2024-03-24,126700,1515
2024-03-25,126400,1505
2024-03-26,126800,1490
2024-03-27,127900,1510
2024-03-28,130000,1525
2024-03-30,130000,1525
2024-03-31,131600,1535
2024-04-01,131200,1545
2024-04-02,133000,1610
2024-04-03,134000,1650
2024-04-04,132700,1615
2024-04-06,135600,1670
2024-04-07,136200,1685
2024-04-08,136300,1685
2024-04-09,136800,1700
2024-04-10,136600,1700
2024-04-11,139000,1750
2024-04-13,136800,1700
2024-04-14,137500,1715
2024-04-15,139200,1750
2024-04-16,139200,1715
2024-04-17,138600,1725
2024-04-18,139300,1720
2024-04-20,139300,1740
2024-04-21,138200,1705
2024-04-22,135500,1660
2024-04-23,136000,1670
2024-04-24,135800,1655
2024-04-25,137200,1675
2024-04-27,137600,1660
2024-04-28,137200,1665
2024-04-29,137200,1650
2024-04-30,134500,1630
2024-05-01,136500,1645
2024-05-02,135400,1645
2024-05-04,135400,1640
2024-05-05,135600,1660
2024-05-06,136400,1675
2024-05-07,136400,1675
2024-05-08,135600,1685
2024-05-09,137900,1735
2024-05-11,138400,1725
2024-05-12,138100,1715
2024-05-13,137400,1740
2024-05-14,138400,1745
2024-05-15,140000,1805
2024-05-16,139300,1800
2024-05-18,140900,1910
2024-05-19,141800,1940
2024-05-20,140600,1885
2024-05-21,140500,1900
2024-05-22,138700,1865
2024-05-23,136900,1855
2024-05-25,136900,1855
2024-05-26,137200,1880
2024-05-27,137600,1920
2024-05-28,138200,1930
2024-05-29,140500,1900
2024-05-30,142200,1875
2024-06-01,142000,1850
2024-06-02,141000,1835
2024-06-03,142700,1860
2024-06-04,142200,1825
2024-06-05,144000,1850
2024-06-06,145000,1900
2024-06-08,141000,1825
2024-06-09,141000,1825
2024-06-10,141000,1815
2024-06-11,141600,1820
2024-06-12,141600,1810
2024-06-13,141200,1800
2024-06-15,142800,1820
2024-06-16,142200,1800
2024-06-17,142200,1815
2024-06-18,142200,1805
2024-06-19,142800,1840
2024-06-20,144700,1865
2024-06-22,142000,1815
2024-06-23,142300,1820
2024-06-24,142300,1815
2024-06-25,141600,1790
2024-06-26,140800,1780
2024-06-27,141800,1790
2024-06-29,142000,1790
2024-06-30,142200,1790
2024-07-01,142300,1805
2024-07-02,142700,1825
2024-07-03,144300,1865
2024-07-04,144400,1870
2024-07-06,145400,1890
2024-07-07,145000,1890
2024-07-08,144100,1885
2024-07-09,144100,1870
2024-07-10,144900,1885
2024-07-11,146700,1900
2024-07-13,146700,1875
2024-07-14,146900,1885
2024-07-15,147800,1875
2024-07-16,149800,1895
2024-07-17,149500,1860
2024-07-18,147500,1830
2024-07-20,146200,1810
2024-07-21,146300,1790
2024-07-22,146300,1790
2024-07-23,147400,1805
2024-07-24,145000,1750
2024-07-25,144700,1730
2024-07-27,145700,1740
2024-07-28,146100,1750
2024-07-29,146000,1740
2024-07-30,147800,1780
2024-07-31,149400,1800
2024-08-01,149900,1795
2024-08-03,149700,1785
2024-08-04,150000,1785
2024-08-05,147700,1725
2024-08-06,146300,1710
2024-08-07,146600,1690
2024-08-08,148100,1730
2024-08-10,148800,1720
2024-08-11,148700,1715
2024-08-12,150800,1740
2024-08-13,150500,1735
2024-08-14,150500,1740
2024-08-15,149600,1760
2024-08-17,152600,1810
2024-08-18,152300,1810
2024-08-19,152200,1820
2024-08-20,153000,1835
2024-08-21,151900,1830
2024-08-22,151400,1815
2024-08-24,152400,1850
2024-08-25,152300,1840
2024-08-26,152300,1850
2024-08-27,153100,1855
2024-08-28,153200,1830
2024-08-29,152900,1820
2024-08-31,152300,1795
2024-09-01,152000,1775
2024-09-02,152000,1775
2024-09-03,152000,1755
2024-09-04,152000,1765
2024-09-05,153300,1795
2024-09-07,152100,1750
2024-09-08,152200,1755
2024-09-09,152400,1765
2024-09-10,153400,1780
2024-09-11,153300,1795
2024-09-12,156300,1860
2024-09-14,156800,1900
2024-09-15,157300,1915
2024-09-16,156700,1905
2024-09-17,156400,1890
2024-09-18,155600,1880
2024-09-19,157100,1915
2024-09-21,158800,1920
2024-09-22,159200,1920
2024-09-23,159700,1915
2024-09-24,160400,1955
2024-09-25,160700,1955
2024-09-26,161200,1955
2024-09-28,160600,1945
2024-09-29,160500,1940
2024-09-30,160000,1925
2024-10-01,160800,1935
2024-10-02,160900,1950
2024-10-03,161300,1980
2024-10-05,161000,1985
2024-10-06,160500,1980
2024-10-07,160100,1940
2024-10-08,159100,1900
2024-10-09,159100,1900
2024-10-10,159100,1900
2024-10-12,159100,1900
2024-10-13,159100,1900
2024-10-14,160500,1925
2024-10-15,161800,1950
2024-10-16,162400,1950
2024-10-17,164400,1980
2024-10-19,165000,2075
2024-10-20,165600,2095
2024-10-21,165900,2100
2024-10-22,166700,2135
2024-10-23,166000,2095
2024-10-24,166000,2070
2024-10-26,167400,2085
2024-10-27,167000,2065
2024-10-28,168500,2105
2024-10-29,170700,2120
2024-10-30,171000,2090
2024-10-31,171000,2090
2024-11-02,171000,2090
2024-11-03,171000,2090
2024-11-04,168200,2030
2024-11-05,168500,2015
2024-11-06,164500,1960
2024-11-07,166500,1980
2024-11-09,166000,1960
2024-11-10,165000,1955
2024-11-11,162600,1925
2024-11-12,162200,1940
2024-11-13,160000,1905
2024-11-14,160100,1910
2024-11-16,160000,1905
2024-11-17,161000,1920
2024-11-18,162100,1955
2024-11-19,163000,1950
2024-11-20,164000,1950
2024-11-21,165500,1940
2024-11-23,167200,1960
2024-11-24,151300,1845
2024-11-25,148700,1820
2024-11-26,149600,1830
2024-11-27,149300,1800
2024-11-28,150900,1845
2024-11-30,150500,1840
2024-12-01,149300,1815
2024-12-02,150300,1845
2024-12-03,150400,1865
2024-12-04,150700,1880
2024-12-05,150100,1890
2024-12-07,149700,1865
2024-12-08,150100,1865
2024-12-09,152200,1925
2024-12-10,154200,1925
2024-12-11,154200,1925
2024-12-12,153000,1860
2024-12-14,150800,1840
2024-12-15,151200,1840
2024-12-16,151400,1840
2024-12-17,150700,1835
2024-12-18,149000,1780
2024-12-19,148500,1760
2024-12-22,149800,1795
2024-12-23,149800,1805
2024-12-24,149700,1800
2024-12-25,150300,1800
2024-12-26,150700,1815
2024-12-28,150200,1790
2024-12-29,150200,1790
2024-12-30,149600,1765
2024-12-31,151000,1765
2025-01-01,151500,1790
2025-01-02,153500,1810
2025-01-04,152000,1810
2025-01-05,152000,1810
2025-01-06,152000,1830
2025-01-07,152500,1830
2025-01-08,153300,1840
2025-01-09,154100,1845
2025-01-11,155700,1860
2025-01-12,155800,1860
2025-01-13,155000,1820
2025-01-14,155400,1830
2025-01-15,156600,1880
2025-01-16,157900,1890
2025-01-18,157100,1860
2025-01-19,157000,1860
2025-01-20,158100,1875
2025-01-21,160000,1895
2025-01-22,159600,1875
2025-01-23,160600,1880
2025-01-25,160400,1865
2025-01-26,160100,1850
2025-01-27,159200,1835
2025-01-28,160600,1855
2025-01-29,160500,1885
2025-01-30,162800,1915
2025-02-01,162800,1910
2025-02-02,162800,1895
2025-02-03,164700,1930
2025-02-04,166900,1975
2025-02-05,168500,1980
2025-02-06,168100,1985
2025-02-08,168200,1960
2025-02-09,169600,1975
2025-02-10,170200,1945
2025-02-11,167500,1930
2025-02-12,169800,1965
2025-02-13,170200,1970
2025-02-15,167500,1955
2025-02-16,168700,1970
2025-02-17,169400,1970
2025-02-18,170500,1985
2025-02-19,171000,1995
2025-02-20,170000,1990
2025-02-22,170300,1970
2025-02-23,170800,1985
2025-02-24,171300,1970
2025-02-25,170500,1940
2025-02-26,170300,1945
2025-02-27,168100,1915
2025-03-01,168100,1915
2025-03-02,168100,1915
2025-03-03,169500,1940
2025-03-04,170400,1950
2025-03-05,170700,1985
2025-03-06,170200,1990
2025-03-08,170300,1985
2025-03-09,170400,1985
2025-03-10,169900,1970
2025-03-11,170500,2000
2025-03-12,170500,2000
2025-03-13,174500,2050
2025-03-15,174100,2045
2025-03-16,174100,2040
2025-03-17,175200,2050
2025-03-18,176000,2045
2025-03-19,176000,2030
2025-03-20,175000,1995
2025-03-22,174100,1980
2025-03-23,173500,1980
2025-03-24,173300,1980
2025-03-25,173500,1990
2025-03-26,174800,2020
2025-03-27,176200,2040
2025-03-29,176800,2025
2025-03-30,177900,2035
2025-03-31,179700,2035
2025-04-01,179100,2020
2025-04-02,180300,1995
2025-04-03,176400,1870
2025-04-05,174500,1800
2025-04-06,173800,1830
2025-04-07,173400,1830
2025-04-08,175400,1835
2025-04-09,181100,1900
2025-04-10,185000,1905
2025-04-12,186000,1960
2025-04-13,186000,1960
2025-04-14,184300,1945
2025-04-15,187000,1955
2025-04-16,190600,1960
2025-04-17,189800,1960
2025-04-19,189800,1960
2025-04-20,191000,1960
2025-04-21,197900,1970
2025-04-22,190400,1965
2025-04-23,190600,2010
2025-04-24,189600,2000
2025-04-26,189700,1990
2025-04-27,188300,1970
2025-04-28,188800,1970
2025-04-29,188100,1965
2025-04-30,183500,1915
2025-05-01,183500,1930
2025-05-03,184100,1910
2025-05-04,184600,1910
2025-05-05,189900,1965
2025-05-06,191600,1965
2025-05-07,192200,1955
2025-05-08,190800,1960
2025-05-10,190500,1970
2025-05-11,186800,1960
2025-05-12,184800,1970
2025-05-13,185300,1960
2025-05-14,181800,1925
2025-05-15,184800,1945
2025-05-17,184200,1945
2025-05-18,184800,1945
2025-05-19,184800,1940
2025-05-20,189800,1990
2025-05-21,191500,2025
2025-05-22,190400,2005
2025-05-24,191800,2005
2025-05-25,191100,2005
2025-05-26,190900,1995
2025-05-27,189300,2005
2025-05-28,187800,1995
2025-05-29,188500,1980
2025-05-31,188800,1985
2025-06-01,189800,1990
2025-06-02,192700,2045
2025-06-03,193200,2075
2025-06-04,193700,2075
2025-06-05,193700,2150
2025-06-07,190700,2145
2025-06-08,190600,2150
2025-06-09,190000,2165
2025-06-10,191300,2165
2025-06-11,192900,2150
2025-06-12,197100,2165
2025-06-14,197500,2165
2025-06-15,197500,2165
2025-06-16,195000,2160
2025-06-17,195900,2225
2025-06-18,195500,2200
2025-06-19,194700,2150
2025-06-21,195200,2160
2025-06-22,195200,2170
2025-06-23,193500,2160
2025-06-24,192000,2140
2025-06-25,192300,2175
2025-06-26,189400,2165
2025-06-28,188400,2140
2025-06-29,188100,2150
2025-06-30,190500,2155
2025-07-01,191700,2145
2025-07-02,192100,2170
2025-07-03,192100,2170
2025-07-05,192100,2170
2025-07-06,192100,2170
2025-07-07,192100,2170
2025-07-08,192100,2170
2025-07-09,192100,2170
2025-07-10,191800,2220
2025-07-12,192900,2285
2025-07-13,193300,2315
2025-07-14,193300,2275
2025-07-15,192000,2260
2025-07-16,192300,2265
2025-07-17,192500,2280
2025-07-19,193300,2285
2025-07-20,193700,2285
2025-07-21,195500,2320
2025-07-22,197600,2350
2025-07-23,195200,2335
2025-07-24,194700,2340
2025-07-26,193600,2290
2025-07-27,193600,2295
2025-07-28,193000,2300
2025-07-29,194400,2310
2025-07-30,193600,2270
2025-07-31,193100,2235
2025-08-02,196500,2250
2025-08-03,196600,2255
2025-08-04,198500,2280
2025-08-05,198400,2305
2025-08-06,198400,2315
2025-08-07,199400,2325
2025-08-09,199200,2330
2025-08-10,198100,2315
2025-08-11,196800,2305
2025-08-12,196700,2325
2025-08-13,196800,2340
2025-08-14,196200,2315
2025-08-16,195500,2310
2025-08-17,196300,2315
2025-08-18,195100,2300
2025-08-19,193500,2255
2025-08-20,194800,2290
2025-08-21,195200,2310
2025-08-23,197500,2350
2025-08-24,197200,2355
2025-08-25,198700,2360
2025-08-26,199000,2345
2025-08-27,199400,2355
2025-08-28,200600,2360
2025-08-30,203600,2425
2025-08-31,205300,2470
2025-09-01,205900,2485
2025-09-02,207900,2480
2025-09-03,207900,2480
2025-09-04,210400,2490
2025-09-06,212000,2500
2025-09-07,211600,2475
2025-09-08,214700,2515
2025-09-09,214700,2505
2025-09-10,214200,2505
2025-09-11,215800,2565
2025-09-13,215100,2570
2025-09-14,215200,2575
2025-09-15,217100,2595
2025-09-16,216100,2550
2025-09-17,215200,2520
2025-09-18,216000,2580
2025-09-20,217100,2620
2025-09-21,217800,2650
2025-09-22,221700,2680
2025-09-23,223000,2700
2025-09-24,221300,2685
2025-09-25,222500,2740
2025-09-27,223200,2810
2025-09-30,223200,2810
2025-10-04,230600,2930
2025-10-05,233100,2960
2025-10-06,235400,2960
2025-10-07,238000,2955
2025-10-08,239200,3025
2025-10-09,235000,3085
2025-10-11,238000,3125
2025-10-12,240400,3220
2025-10-13,248500,3325
2025-10-14,248900,3240
2025-10-15,250900,3275
2025-10-16,258000,3350
2025-10-18,253200,3275
2025-10-19,253500,3280
2025-10-20,253500,3280
2025-10-21,253500,3280
2025-10-22,253500,3280
2025-10-23,253500,3280
2025-10-25,241900,3015
2025-10-26,239900,2980
2025-10-27,237000,2920
2025-10-28,236300,2965
2025-10-29,236300,2980
2025-10-30,239000,3060
2025-11-01,239700,3055
2025-11-02,239700,3060
2025-11-03,238300,3015
2025-11-04,237200,2990
2025-11-05,237800,3010
2025-11-06,238400,3020
2025-11-08,238600,3015
2025-11-09,241500,3065
2025-11-10,246400,3170
2025-11-11,244300,3175
2025-11-12,250200,3345
2025-11-13,249700,3285
2025-11-15,242800,3135
2025-11-16,243300,3155
2025-11-17,239500,3090
2025-11-18,242300,3150
2025-11-19,243000,3185
2025-11-20,241700,3100
2025-11-22,244600,3135
2025-11-23,242700,3115
2025-11-24,247900,3200
2025-11-25,248800,3220
2025-11-26,248400,3280
2025-11-27,250600,3345
2025-11-29,252200,3490
2025-11-30,253600,3535
2025-12-01,253300,3545
2025-12-02,254100,3655
2025-12-03,253300,3625
2025-12-04,253300,3625
2025-12-05,252400,3555
2025-12-06,252200,3605
2025-12-07,252200,3605
2025-12-08,252900,3585
2025-12-09,251900,3600
2025-12-10,252100,3750
2025-12-11,253100,3805
2025-12-12,256600,3905
2025-12-13,258800,3825
2025-12-14,258800,3825
2025-12-15,260700,3870
2025-12-16,259000,3885
2025-12-17,259700,4055
2025-12-18,260400,4080
2025-12-19,258400,4005
2025-12-20,258300,4105
2025-12-21,258300,4105
2025-12-22,261700,4235
2025-12-23,267200,4255
2025-12-24,268100,4420
2025-12-25,267500,4400
2025-12-26,269300,4565
2025-12-27,270600,4835
2025-12-28,270600,4835
2025-12-29,270000,4895
2025-12-30,262100,4590
2025-12-31,261000,4470
2026-01-01,259600,4415
2026-01-02,262500,4525
2026-01-03,260400,4500
2026-01-04,260400,4500
2026-01-05,265000,4685
2026-01-06,268100,4880
2026-01-07,267700,4935
2026-01-08,265700,4835
2026-01-09,267800,4780
2026-01-10,270600,4990
2026-01-11,270600,4990
2026-01-12,274700,5195
2026-01-13,276500,5340
2026-01-14,278000,5655
2026-01-15,276500,5485
2026-01-16,277200,5645
2026-01-17,277800,5625
2026-01-18,277800,5625
2026-01-19,282000,5810
2026-01-20,284700,5880
2026-01-21,295100,5920
2026-01-22,292200,5870
2026-01-23,301400,6190
2026-01-24,303800,6480
2026-01-25,303800,6480
2026-01-26,309000,6765
2026-01-27,318800,7300
2026-01-28,339300,7505
2026-01-29,339300,7505
2026-01-30,318800,7065
2026-01-31,300000,5500
2026-02-01,300000,5500
2026-02-02,286600,5200
2026-02-03,290300,5335
2026-02-04,304700,5600
2026-02-05,295200,4980
2026-02-06,291000,4710
2026-02-07,300500,5010
2026-02-08,300500,5010
2026-02-09,304600,5250
2026-02-10,305500,5240
2026-02-11,306600,5290
2026-02-12,306500,5340
2026-02-13,303500,5000
2026-02-15,305800,4985
2026-02-16,302800,4860
2026-02-17,301900,4885
2026-02-18,300400,4880
2026-02-19,304700,5060
2026-02-20,304700,5050
2026-02-22,310300,5425
2026-02-23,313500,5595
2026-02-24,314800,5585
2026-02-25,314800,5715
2026-02-26,315400,5725
2026-02-27,314900,5740
2026-03-01,320500,5985
2026-03-03,328600,5815
2026-03-04,317600,5540
2026-03-06,313400,5445
2026-03-08,316900,5475
2026-03-09,313200,5410
2026-03-10,317000,5720
2026-03-11,319000,5720
2026-03-12,317000,5515
2026-03-13,314200,5495
2026-03-15,309400,5270
2026-03-16,309500,5265
2026-03-17,309900,5335
2026-03-18,307700,5150
2026-03-19,302300,5010
2026-03-20,294500,4895
2026-03-22,282000,4540
2026-03-23,275500,4425
2026-03-24,273900,4505
2026-03-25,288500,4920
2026-03-26,285600,4820
2026-03-27,281000,4670
2026-03-29,286000,4720
2026-03-30,283500,4700
2026-03-31,290200,4845
2026-04-01,297600,4945
2026-04-02,294000,4780
2026-04-03,294000,4830
2026-04-05,294000,4830
2026-04-06,291400,4780
2026-04-07,291800,4820
2026-04-08,299000,5025
2026-04-09,294700,4875
2026-04-10,296900,4960
2026-04-12,297100,4975
2026-04-13,296700,4900
2026-04-15,302700,5220
2026-04-16,302800,5250
2026-04-17,299800,5130
2026-04-19,301000,5225
2026-04-20,299700,5190
2026-04-21,301300,5160
2026-04-22,300500,5130
2026-04-23,298700,5020
2026-04-24,296500,4945
2026-04-26,299200,4995
2026-04-27,300500,5045
2026-04-28,297500,4945
2026-04-29,294500,4915
2026-04-30,292700,4810
2026-05-01,296100,4945
